R,iter,nfev,energy,Error
0.750000,1,91,-1.137116890088,0.000000177258
0.750000,2,117,-1.137117067338,0.000000000007
0.750000,3,143,-1.137117067346,0.000000000000
0.750000,4,169,-1.137117067346,0.000000000000
0.750000,5,195,-1.137117067346,0.000000000000
0.750000,6,221,-1.137117067346,0.000000000000
0.750000,7,247,-1.137117067346,0.000000000000
0.750000,8,273,-1.137117067346,0.000000000000
0.750000,9,299,-1.137117067346,0.000000000000
0.750000,9,300,-1.137117067346,0.000000000000
